Temperature,Humidity,Anomaly
27.252720676550467,43.74823888195164,0.0
29.697494707820944,45.26225139821686,0.0
26.161063475734085,58.8345142323785,0.0
25.42754265427234,48.15168417147634,0.0
26.873063073132357,46.56385507218623,0.0
29.17990060256103,48.972212619090854,0.0
27.55838721057833,58.05789990383974,0.0
26.25891147912682,54.67228761122804,0.0
28.80755315858736,51.306605091432196,0.0
27.34330320997063,48.23531083169017,0.0
26.29066716350564,56.3425628403117,0.0
28.037724259507193,55.12326657790492,0.0
27.53617404344196,48.65533759198525,0.0
27.909857009571994,43.504435442116545,0.0
28.293468158094726,51.964505881274775,0.0
27.02159384052146,47.07578317472872,0.0
26.551809794617867,59.009183411505916,0.0
29.074125568732562,46.07885024510055,0.0
27.75113271078131,53.329260950536714,0.0
28.748259158714625,59.62355673524589,0.0
27.832023201484485,56.06965486593769,0.0
41.16300485925724,45.82921826987588,1.0
25.37931664054332,57.42408964526104,0.0
25.907191738478133,50.428980483337604,0.0
26.09126943932532,42.23024424642553,0.0
25.858396429241516,54.7573903712306,0.0
29.84956023053635,43.58729364024421,0.0
29.750309835254026,41.25306406910709,0.0
27.468977981821954,41.36344618770987,0.0
27.97819370303922,57.48445049370352,0.0
25.97621493899022,56.23539576180275,0.0
27.6385055454315,57.591637099030585,0.0
25.03192935858417,50.01207142309415,0.0
37.53272383522715,44.74957113504515,1.0
25.33627956983684,77.4089403378322,1.0
29.84438927642846,52.446865292344924,0.0
27.591648261818683,50.900538377938766,0.0
29.463358555384875,42.18528420619243,0.0
26.460723242676092,51.2459363175582,0.0
25.910589578443496,56.13387039389478,0.0
28.60018268273037,48.92839032803164,0.0
29.00864041534896,44.52250662499344,0.0
25.201754134298497,71.31913144649006,1.0
25.599326836668414,50.54082927823303,0.0
26.368202089303857,28.16159494890462,1.0
29.847352166376844,52.68208062752663,0.0
25.26673998494449,71.71126131415042,1.0
25.503890006887133,40.483835277827104,0.0
26.675594271295708,52.61843580458327,0.0
28.337749496457352,58.54221257716854,0.0
29.69533849256448,47.39626511974353,0.0
25.982096079360087,26.767211386435985,1.0
25.9256646441931,52.59115393783473,0.0
29.43046717656604,90.8232428893557,1.0
27.569947445799055,53.72654393372195,0.0
27.65584764000516,52.4258489809922,0.0
26.831809216468457,59.1525056901076,0.0
28.6285975419418,59.67042945430444,0.0
26.569377483612353,29.345010333928737,1.0
27.663086332275114,57.846049962793046,0.0
28.999580426865947,49.25351210130787,0.0
27.877370889379396,55.71303236160464,0.0
28.216441092211767,48.19809779392577,0.0
27.31311478369658,52.031077585996485,0.0
27.19567454285109,42.42050000970386,0.0
27.526261862239284,58.12509161042073,0.0
26.002623633501685,44.41705565926018,0.0
28.6410817430593,50.95918977947386,0.0
35.1812404104573,40.69823105312447,1.0
38.91032869127399,41.87553052514033,1.0
36.652844901429575,51.13569821856376,1.0
25.59797122969151,43.49677254520825,0.0
26.70401770126509,55.027501720580915,0.0
28.97405651770824,59.599406587177015,0.0
28.447324845686328,53.09301373731909,0.0
26.75062629583365,55.4584296375223,0.0
28.536193171566993,46.812083331625836,0.0
26.521211214797688,59.88278722442335,0.0
25.02879330249061,51.75171742218804,0.0
25.51561934417966,45.23411367471812,0.0
28.805119954714996,51.542451720766415,0.0
26.16479737376817,59.13599630968572,0.0
29.91189308454303,52.01302133096712,0.0
29.75431781125205,58.52388136863564,0.0
27.51568129290044,41.772008593592346,0.0
25.425517430598926,23.20927135849115,1.0
27.697456461876687,45.96104417278886,0.0
27.713480415791242,57.028499154901915,0.0
29.383268013291726,42.01274957047067,0.0
26.98461638100798,46.643820662312095,0.0
29.978155547494417,80.19370262506831,1.0
25.33675300734386,54.234456114920974,0.0
28.167018782552116,41.16327591010952,0.0
27.867189440616432,42.78490742235191,0.0
28.247544648537236,86.41024008751643,1.0
29.386696766904905,52.74402953616561,0.0
26.94084963103261,42.36672381846775,0.0
28.877638083475052,59.87696777799397,0.0
26.925488643009626,56.318938779372345,0.0
29.01426724299006,43.200498729263884,0.0
28.77271437042341,45.643741493864,0.0
15.070596467387183,53.82111625478524,1.0
25.53490319413479,43.31499559640312,0.0
25.83745544547054,29.75830759484121,1.0
27.19485710352818,46.112084309804295,0.0
26.61039582791589,40.693405334529665,0.0
12.695118622922728,48.676878457104884,1.0
27.138865668679312,45.748191929311595,0.0
29.81086274237271,41.03913155108537,0.0
40.6067829493895,43.213591694236904,1.0
27.243468113112655,45.06203078359218,0.0
35.690459063145994,48.76357226496689,1.0
25.997712254645727,55.61263434851114,0.0
29.082997197357884,47.38106043521833,0.0
25.78076298683095,57.3993831929537,0.0
26.558555380447054,42.5542696727047,0.0
29.019024452417376,5.592693841112959,1.0
27.954166302845053,59.83619902698727,0.0
25.43493379955705,41.31389717908731,0.0
27.699926898579278,48.656320044189385,0.0
29.57744148794021,56.8542380432111,0.0
11.40324518193515,43.25581978412459,1.0
26.898462040836336,57.8618041039083,0.0
28.167391099130736,40.17726570226938,0.0
29.18559813915326,75.22648434267116,1.0
25.65622438841194,55.750981717175584,0.0
25.150130026646963,11.279231688710032,1.0
27.09462724752274,47.789637898048404,0.0
27.366049533457787,40.89822597991232,0.0
25.55959809698864,45.75265458087357,0.0
26.946008393670816,48.9947968490108,0.0
12.4900873610909,43.45047753892724,1.0
27.91828055925436,51.55186731762315,0.0
25.447055011561297,56.70960451484389,0.0
29.41892942481713,42.511004295253066,0.0
25.779972601681013,50.38119581816541,0.0
29.707324043882625,51.43744542454373,0.0
25.621486117427725,48.43656357077663,0.0
25.443512668785278,40.84049350342811,0.0
28.91869125537618,76.32145295625278,1.0
17.608513309307817,56.41962034598282,1.0
27.422689975400054,20.061236049164695,1.0
25.696360363316938,54.479461109321875,0.0
25.420699824975244,54.75016718918014,0.0
29.812236474710556,56.550757911337485,0.0
25.924272277627637,54.17489395485953,0.0
25.704285101899,59.68026326420929,0.0
28.991475894833876,51.806953809175454,0.0
28.07925049026108,50.34538112883219,0.0
25.47458968410835,93.4578932162829,1.0
26.326011838408625,52.878085070822614,0.0
29.068975098534743,53.91798236337605,0.0
25.28489363498684,5.716310689441363,1.0
29.86505277376223,40.83902446863272,0.0
29.671835073845074,47.2918745639508,0.0
26.618051095747706,59.202712088108946,0.0
26.64332272684958,57.99666691374545,0.0
28.713532605999905,55.18010565043862,0.0
27.020701608255166,45.421925075281315,0.0
25.41368417809095,21.542967066098914,1.0
28.541814883575174,47.76331412253991,0.0
26.616014660103776,57.732084304809334,0.0
27.29215712065719,5.282563414725562,1.0
12.709426983163654,53.27047187826905,1.0
28.182052056318902,48.64995756660264,0.0
27.513601950462395,47.095425836719684,0.0
28.51509479447589,43.8924502364153,0.0
26.109860809664745,55.88421325098811,0.0
26.532317340214103,19.34874665172526,1.0
29.64091049056976,93.34373557503675,1.0
29.955843130684883,49.85729168894893,0.0
28.054904944254957,58.72561242937853,0.0
10.053134756683459,41.57878805893111,1.0
27.272705323838867,49.27862753624666,0.0
18.149397285405392,53.17322709879534,1.0
27.66294716275793,56.051713591596254,0.0
28.882984263958708,55.085299466940455,0.0
29.95627996851094,58.27576887746518,0.0
25.808143570473067,47.06502817004128,0.0
25.32104468537567,40.72037636582853,0.0
25.88264016002754,50.380645602590974,0.0
27.708171073304335,59.14896038076192,0.0
25.539457134966522,50.99059071790034,0.0
28.155693129986314,45.856440734019294,0.0
26.35674515886948,50.313588553929954,0.0
26.64375805143754,46.07892802481447,0.0
29.300611985946023,58.929130263008105,0.0
29.0140546741225,80.47957189755303,1.0
28.047821669899484,40.38384553646113,0.0
13.211621526359535,56.962184700312605,1.0
26.523068845866852,47.986318316186164,0.0
29.308928105067587,49.510920749736535,0.0
29.92201090351776,45.89238792692386,0.0
28.52787586257844,46.325402994586135,0.0
27.984214244584447,52.956348919810566,0.0
29.93861194868016,57.80430005272349,0.0
25.312824211097258,15.453619704069991,1.0
29.4385209137915,59.62594180994493,0.0
28.763583197788208,45.81009011342841,0.0
29.39257780650674,46.258147884272965,0.0
28.824416307710642,52.26583369774758,0.0
16.92358922461058,50.62909828378611,1.0
26.335141350847106,52.44827283131993,0.0
28.854835899772805,47.35068844583063,0.0
25.408149910152947,48.452583940272184,0.0
36.7169390770545,43.089844080098516,1.0
27.989499894055427,41.75285493527677,0.0
29.443740399344886,57.97121209349679,0.0
42.927581135728126,51.02319923832744,1.0
26.140398859744664,48.85091029629491,0.0
28.325986103481,52.075909058987754,0.0
29.752057420382794,56.44206321200451,0.0
25.234829833875274,45.991313559077476,0.0
25.198094126741786,48.38895987914627,0.0
29.90558953933968,74.03047029937807,1.0
26.258995294534763,58.332704716824146,0.0
25.52054290992287,42.97591938810231,0.0
25.07272332833941,56.8289510616952,0.0
26.48154060227995,52.89665208044627,0.0
26.746047873063304,41.69584032091606,0.0
27.12065335651193,53.542412794700184,0.0
27.615327123845596,53.731798269852135,0.0
25.46950357894709,59.413530908194886,0.0
16.989488284873858,57.9677293316807,1.0
25.19671770334255,54.65398101180561,0.0
25.57934529762565,53.89902177804923,0.0
29.950269250521316,53.12323675362143,0.0
25.550259622638382,42.02091622021293,0.0
26.989277995228708,50.12532118990406,0.0
29.500115616990055,45.84766220824386,0.0
27.931149160083987,43.337204033975055,0.0
28.401141212156457,51.675455610282235,0.0
29.865383989561494,20.088220162528025,1.0
26.146256976163208,46.126269975564256,0.0
29.200540392196,11.880979525925207,1.0
29.39314993177579,55.6264371149461,0.0
29.047580373624392,49.15991518007143,0.0
26.729674962734816,50.27708928413536,0.0
25.46837383914046,52.30025936077733,0.0
41.88631629307876,48.980775358602514,1.0
25.363815031820966,42.28191569775867,0.0
27.972381675930865,46.19613750644938,0.0
27.093852624460364,41.44632950515877,0.0
25.625928961012754,58.36478173350874,0.0
27.463125521454295,53.380446746582166,0.0
27.395909388148656,54.96768699352462,0.0
26.486745036862754,57.8374428962147,0.0
28.373931510837053,72.9089621291124,1.0
26.671219454084806,42.45841356930775,0.0
29.298973374058228,10.651976775264067,1.0
27.457972733707184,40.778599266513346,0.0
26.66749585845572,55.124272279003534,0.0
28.16700427158363,53.06325581062566,0.0
25.48836057003192,43.04832026660835,0.0
12.176673995805361,59.80217692173731,1.0
27.158297731148398,57.579578005645345,0.0
26.251214490822978,48.25243681697248,0.0
26.190913905233632,57.270950450290904,0.0
26.797455756098778,42.63457546909124,0.0
26.13247887598969,59.10669373007856,0.0
12.02254180524535,48.223949777650915,1.0
29.52690988209632,41.307323151287704,0.0
26.773110788203883,54.771949162646614,0.0
28.382566928886234,41.539589341299326,0.0
25.522839201672003,45.649448527400075,0.0
28.72719737092165,56.58573598633511,0.0
25.21046594818181,54.264137665652356,0.0
25.797723400565943,54.252426661970254,0.0
27.95446471594121,47.8895255714007,0.0
28.08325157260369,47.17156923049746,0.0
28.46138282258926,40.937038170552064,0.0
10.68713677723961,45.54929359449908,1.0
27.477456581030992,52.49567725578805,0.0
28.661124432047806,46.351735905222334,0.0
25.63744331165991,53.849856533384504,0.0
28.791192378520456,45.31165665917212,0.0
29.143687545759647,58.38783946428835,0.0
28.119992427644913,26.71023809867335,1.0
25.953438603318332,42.78393402691391,0.0
12.415006279928335,57.691737764592276,1.0
25.21579955975288,44.097625483014255,0.0
27.137705091792746,42.70332578309645,0.0
28.97633655929945,40.03130210382946,0.0
29.75722412831546,7.088122867000469,1.0
28.29522705066116,88.28741160107847,1.0
29.8146343761879,45.37707028764387,0.0
25.74958713674387,45.50762348510837,0.0
26.039431275730138,56.55037844212606,0.0
28.73735469066878,51.96714968595518,0.0
28.07503613349585,55.52894892999449,0.0
29.153097038938647,45.494630510390394,0.0
27.05920457073634,54.045175320633284,0.0
17.81959977157959,47.45017863106932,1.0
25.555987411530758,56.99950742961324,0.0
25.78218521335543,47.830513963556584,0.0
28.847464665959684,49.64082116224165,0.0
29.994463060166453,90.46850573710127,1.0
26.311320221499127,52.80952084351688,0.0
29.532360554822734,51.87321582417077,0.0
29.09594429713395,54.10921660566973,0.0
27.83508130493334,54.13259739757419,0.0
29.031006398965307,57.455076791322554,0.0
29.720296698433067,44.93647738403804,0.0
28.534286719238086,55.80060872614123,0.0
28.532378632434504,40.75142180797815,0.0
27.59419028563036,59.28034814235404,0.0
27.429358795931627,54.654669495723304,0.0
28.719731462863386,49.72000987595206,0.0
28.705603246450295,46.18745435725564,0.0
27.95147471257404,41.24915187238143,0.0
25.127095633720476,59.26230223178348,0.0
25.39228190671133,57.53301523656401,0.0
28.580753371115968,58.654210162655225,0.0
25.907177175448986,51.47057902911146,0.0
29.933312966335734,44.09360218114568,0.0
39.39210601249717,58.54247563728899,1.0
25.56019451084026,54.87187832353119,0.0
28.24605151058032,50.25005297540663,0.0
27.78400631229175,45.044820403467234,0.0
29.41457408259361,80.71144759621988,1.0
25.42673732496884,55.675835689707945,0.0
28.75307375820429,48.73701405230359,0.0
26.188187719962,42.19472397355007,0.0
28.137790400420318,58.1844041172312,0.0
27.051984134948306,59.01062105172407,0.0
28.468411128907444,51.30170624905513,0.0
25.365979618842218,56.796032133288534,0.0
26.886420815523113,44.79020339819076,0.0
28.38765806941842,85.31989588841276,1.0
25.230013210108766,53.529358744527244,0.0
29.638761415976063,40.33895329779162,0.0
25.81467213540715,54.713262284783795,0.0
28.251628431734684,43.34642608002121,0.0
17.78025243144653,58.63109828618962,1.0
25.112346541600587,45.575197448291064,0.0
28.925879806965067,53.80009781641331,0.0
27.6219513466379,52.4681191631888,0.0
25.102922471479012,57.60158175122916,0.0
25.335382386942136,45.40495384261567,0.0
29.349481810310643,50.109102358209,0.0
27.62845091151343,40.2863055533412,0.0
40.149333499132595,53.45529228824933,1.0
28.06707597967895,42.81423056097517,0.0
28.754355338957488,41.14109442302509,0.0
29.505790052454945,49.956250160685805,0.0
27.200762468698006,58.54001935848591,0.0
36.79253255739281,47.49096486759163,1.0
27.009654568046212,57.006960022397905,0.0
27.537338668804182,44.83786588225779,0.0
26.7412773351165,46.50208030863398,0.0
26.933676731502686,48.75206248110784,0.0
26.705331755251294,40.7685269792465,0.0
29.770255136293613,56.38127027723312,0.0
25.07196744314878,51.21320188832342,0.0
26.99084346795472,49.170460177637814,0.0
27.237061834117274,51.86443140214769,0.0
28.67535521901943,42.66959944831888,0.0
29.310213254946568,41.78579049051146,0.0
29.144416829413046,57.30591517817825,0.0
27.09800031213895,52.84651051810455,0.0
38.91859373188026,52.30258281082399,1.0
27.667305459881607,41.3288768871155,0.0
29.54132942983327,50.70620262905183,0.0
25.53438461547372,58.415332169267145,0.0
29.492770942635396,45.930711625753105,0.0
36.42841964814332,44.08896744928546,1.0
26.88129792765458,50.87076434685292,0.0
28.01724296690689,43.77081211498502,0.0
29.4816790926056,57.31154291249105,0.0
28.85635173342973,41.618385661025044,0.0
27.8580634473495,59.430653818021014,0.0
26.210276357557504,56.030742237659794,0.0
26.29711716715646,56.93937708414121,0.0
27.73796188076868,54.58689588175993,0.0
26.980863458046276,48.16303381733396,0.0
29.2650472773368,52.916216253104125,0.0
28.59600889136132,53.220285084946404,0.0
27.542853455823515,50.122837256804885,0.0
28.98268645488088,53.132621474157524,0.0
25.151935298484183,53.13512126949114,0.0
37.223613047481706,52.54657870181356,1.0
25.694135863247052,45.20573715132006,0.0
29.477616142481004,55.187965248359276,0.0
29.015129489163318,59.02981420353574,0.0
25.780093202212182,41.38847685492187,0.0
26.88231683439025,48.80646836736698,0.0
16.961561451379254,43.69264914694738,1.0
26.18613395867997,48.867600287583755,0.0
19.08228488700323,53.23827265274023,1.0
29.447596555218816,11.787300063567784,1.0
10.389793206611305,42.37418191018223,1.0
25.408795159744358,59.256207141480516,0.0
27.37107108328732,59.28156832980216,0.0
28.317508845540278,43.703911357349355,0.0
28.953615824194816,42.10729844501713,0.0
29.586567877311214,45.42818760893429,0.0
27.686978014689615,45.78489543945309,0.0
27.55671199430469,54.65603089532501,0.0
28.12929957857118,48.680387323477504,0.0
25.58533508213803,53.08349202948149,0.0
25.804040257087493,41.96791299426795,0.0
27.47588455055635,56.840665887528424,0.0
16.616842883998565,46.237588715274505,1.0
25.793025526465367,49.399765363158735,0.0
17.08765655229154,54.124923251105244,1.0
26.865613092111918,93.46205395535387,1.0
26.84456819784886,49.37535930929012,0.0
19.390684794502917,49.856391690656494,1.0
28.732457025590122,55.384462956762675,0.0
28.299920230170894,57.90235481413073,0.0
26.67639525039148,5.981735356041308,1.0
26.81814801189647,47.355187017545795,0.0
27.896572333309688,6.282346224530389,1.0
28.730224396327117,56.128072344656786,0.0
28.882064803709984,42.707081645553714,0.0
16.619689447938686,54.66000214445246,1.0
29.395591537810823,47.58188097343872,0.0
25.836785161183904,71.92007620786053,1.0
25.65043120065316,43.802152995674554,0.0
28.740919560244233,76.49177097376035,1.0
28.187787356776067,49.74123837637872,0.0
25.885052421383733,48.45096856623889,0.0
29.53177192547368,58.913962940005646,0.0
29.01320156176465,14.476012134575877,1.0
25.182748339240476,48.880874984044056,0.0
25.346806504375827,40.5239341706413,0.0
28.4814438793907,53.32770827156413,0.0
29.876715667395352,5.159476085164767,1.0
29.063997836287513,57.2027938669887,0.0
28.25710194175932,56.91842879355464,0.0
26.466053858490323,46.94686652517685,0.0
18.8912792394001,58.08719549987714,1.0
35.74105422574867,53.357358134016266,1.0
28.480148983374864,49.2107899454828,0.0
28.259806297513002,45.30092856650008,0.0
26.87435289761852,55.72556398768066,0.0
29.40435379599464,57.80282274792029,0.0
28.090778671590595,46.63129398134387,0.0
26.986436452801836,48.59862154780296,0.0
27.16167400521301,52.687273777433745,0.0
29.669375087639523,55.675196849682145,0.0
28.36301059112563,42.266070094549285,0.0
27.121110046234882,43.31549080326552,0.0
29.919888239799143,48.574040419728675,0.0
28.942986056122653,42.84274247586915,0.0
29.924205994811672,53.76548471560474,0.0
29.404865028198287,86.93595178070737,1.0
27.28034992108518,43.50605884715319,0.0
26.465738651305067,51.54558058466262,0.0
27.46258846909432,54.96146358859065,0.0
29.49787286637284,53.37145293445828,0.0
25.876856393117247,56.164704200184445,0.0
27.295678781191306,46.10621353393463,0.0
26.778363582324747,45.90580988095886,0.0
41.31418921218376,59.99115406500877,1.0
25.53299126566886,50.061679015596724,0.0
41.964298070361075,49.32598825879637,1.0
26.392951695159795,42.21441186652631,0.0
10.33676403874464,56.01961400806729,1.0
15.97155305990302,55.077361654198256,1.0
27.260995141417176,41.36706400619917,0.0
27.273699278169296,43.979842779188736,0.0
25.12821032903218,58.29097327697118,0.0
25.054979143292403,49.75255619334422,0.0
29.25290864547121,56.22247539866942,0.0
26.43270626064142,54.52923430226009,0.0
28.421165132560784,59.84967004316751,0.0
28.483685826820754,56.052866195914206,0.0
25.4424625102596,51.076044814247524,0.0
26.981210094513294,42.404144582411526,0.0
29.934434683002586,56.34899416982383,0.0
38.754689284665005,58.664101755186124,1.0
39.6630975614017,53.54786259777745,1.0
29.3232946092907,7.506139093071916,1.0
25.768455214221024,82.56068217915941,1.0
28.485679029459046,80.0801939033313,1.0
18.44871347755229,42.065300177500966,1.0
28.395511595722446,56.627470287714196,0.0
14.323462264033473,46.53589411715555,1.0
27.37315437874907,56.65660753576542,0.0
25.73536740464519,45.58552176908821,0.0
26.424202471887337,48.323079963595234,0.0
12.149126370363959,57.91125696263677,1.0
27.08883391083667,53.556264006200884,0.0
29.736242886919293,54.456286064169674,0.0
25.355943242301144,45.97451147177546,0.0
43.705269662693844,51.93821381093312,1.0
25.896780051446203,72.64685795532823,1.0
26.625916610133736,57.24028964545245,0.0
36.05345484481333,55.8518962641827,1.0
27.967962267770243,41.272818185732845,0.0
18.044946424318223,48.85596273087475,1.0
25.457910366633172,55.506923008062714,0.0
26.860866276234486,18.248514673255823,1.0
27.25419685702066,59.760719323111836,0.0
28.98779550318594,45.64957487954053,0.0
26.860090428963915,52.20450298955282,0.0
28.991465986045934,9.52958197625207,1.0
28.911927420291367,53.52052576105095,0.0
27.17413669301873,53.65234442446805,0.0
26.45614570099021,54.61301020478492,0.0
26.603900324858678,54.747141547755994,0.0
26.217411482881495,44.96752520739601,0.0
25.384766008146045,54.260921012686374,0.0
25.16601554395683,56.21757162015837,0.0
29.2609075015927,43.47523186271488,0.0
25.15871882686494,85.7455163608677,1.0
29.936380646574722,41.66928169978767,0.0
29.769642885012935,48.64153765888392,0.0
28.867365628433003,41.033374433159224,0.0
25.885553397035245,44.49231223687704,0.0
28.09064120228948,49.42335797865629,0.0
29.06492869358047,52.75376493791871,0.0
25.59408958134036,50.90863738813811,0.0
27.203813734691142,51.387547223645655,0.0
38.336283958368654,56.02891552445907,1.0
25.09855268877182,58.88084187650796,0.0
26.43619495827041,46.312546875267,0.0
26.117979192597264,43.29412706864592,0.0
28.975930973843518,46.53863232676158,0.0
25.83520953950475,53.45405988417796,0.0
27.690113526819516,18.604966562592555,1.0
25.504890534088805,11.64821126580297,1.0
27.87236556589956,56.475807684425895,0.0
25.698256273781563,45.55705552179425,0.0
27.581501741505978,59.161469602387605,0.0
26.593762514660348,55.63647726689871,0.0
27.6258169183353,41.36917438667156,0.0
29.14870901853601,52.27208228474917,0.0
29.353749506362558,40.50386827918459,0.0
26.71040874357954,46.86334706345316,0.0
25.362234438972795,51.60177669338909,0.0
37.34203370926334,49.72260970429848,1.0
27.422614925955106,44.83787656517678,0.0
26.753134656045905,48.18824143634036,0.0
26.63230654121996,41.380151852256326,0.0
27.975389653501274,59.57962230349618,0.0
29.29206375921506,59.13229242166916,0.0
29.867444845886986,41.4616312405403,0.0
27.67967539426059,91.98325539196185,1.0
28.708207259180213,6.264327595605721,1.0
26.432597744635615,15.782542658525365,1.0
29.46279499244989,59.67357850526827,0.0
28.416240141448228,45.28552526317279,0.0
28.343216099622154,40.91297491004767,0.0
26.595502366216277,49.87628080913858,0.0
27.34346579897485,53.35839997607254,0.0
27.916958973830603,47.423448468752554,0.0
26.236155372015887,47.6871007704827,0.0
25.684093154594805,49.933908456358935,0.0
29.905930890137117,45.49407630095784,0.0
25.257393756249947,55.2057964624427,0.0
28.28922652301518,52.47297556580532,0.0
37.45352314166211,49.16647189175151,1.0
41.92073647024369,46.80823112228519,1.0
28.803925243084485,47.97326055544626,0.0
29.220852244845986,58.12174120962521,0.0
27.483834294295846,44.99913892795242,0.0
27.268947706918198,57.252809422983574,0.0
29.113002803298293,56.00141937398319,0.0
25.566190229203777,49.0800324239223,0.0
29.723071097370116,47.95224757105741,0.0
27.70648167650535,48.33131656964584,0.0
28.317686860083555,50.83409624820008,0.0
28.540860443226407,59.89638587931902,0.0
25.397096844944933,57.52638866284623,0.0
29.360619544720755,46.917549214757145,0.0
26.8713539787806,50.46781822748733,0.0
25.13255655270811,52.851303990703826,0.0
26.752937794032984,49.42574334796329,0.0
25.866867976473774,42.084496056166955,0.0
25.317791751430118,56.44961127268722,0.0
26.635165807816193,51.95336565405406,0.0
28.101547756767324,54.97652673926613,0.0
26.00075122122405,57.51766167034114,0.0
29.476034188435996,40.96285671956707,0.0
29.847923138822793,40.723207610495244,0.0
25.472214803779643,45.46141619945625,0.0
29.641592812938626,44.8138542366501,0.0
29.683028461474805,46.68099931337538,0.0
28.812293428703452,42.46006590247491,0.0
19.009608956904678,40.64886892094374,1.0
28.69016808213185,50.01248536140835,0.0
26.1038480639438,55.43253821957215,0.0
28.21209639103158,58.66226662687116,0.0
29.486078789766633,54.74867537442971,0.0
25.53586005669888,53.35609366452813,0.0
25.12157983215727,46.765350119889966,0.0
29.74899956645962,45.53808974755618,0.0
13.252906183617478,54.77733354266066,1.0
27.370869145436625,49.96511364526907,0.0
29.974539113232176,55.403164235141915,0.0
29.364729179382042,54.972904682524,0.0
28.572979613500312,40.064365272085574,0.0
44.59862802713455,40.80118238101389,1.0
28.98713010803464,51.56596798840721,0.0
25.143913381566694,46.95882823164333,0.0
39.74255020976953,56.78360789960597,1.0
27.369808201314363,48.941110876128505,0.0
26.611769224873616,41.74185533591543,0.0
26.409273873867,56.838671335836175,0.0
35.09978776658449,40.99228746677675,1.0
26.584610025781387,56.93028677380556,0.0
26.683021390969603,50.25335451912833,0.0
26.556538495780018,56.101806369913255,0.0
29.483827123132127,47.69022655289625,0.0
28.64803089169032,58.455143810267884,0.0
28.237373570773016,54.77446301453133,0.0
29.23693965285687,19.32605501547539,1.0
26.68997578425768,57.46645831721615,0.0
28.390080762795318,43.9166616826854,0.0
25.194690083438328,78.2044870699403,1.0
11.698810060507354,48.934290545170406,1.0
29.858910413604804,48.28259505057854,0.0
25.598810659096255,57.11392187675079,0.0
28.997079394844896,56.450695887683935,0.0
41.05637889323411,56.551061045480935,1.0
29.330319447502042,57.879794200157406,0.0
26.842631718618804,58.39062049312099,0.0
25.69678037036412,53.536425977147914,0.0
28.5048456572956,46.99012744173638,0.0
28.93172507207776,45.35185353455943,0.0
25.258408605843037,51.08453028264033,0.0
29.037200775820313,42.844987373743926,0.0
25.803406866297777,54.05267546171032,0.0
27.43917159272006,15.490684570170258,1.0
28.292259173292127,42.93925419176419,0.0
25.434601440437117,41.877145696467124,0.0
25.758374398663754,40.23413221461808,0.0
27.824205666313084,49.77795663584903,0.0
28.04848712576308,73.92031763292015,1.0
16.363742815333744,45.99884139554045,1.0
27.8169767535632,81.66732802211021,1.0
41.105467550154245,59.39853050690382,1.0
28.405589269824915,54.75834786708051,0.0
25.227231901707288,42.10947399913261,0.0
28.895512931978935,74.54447168043404,1.0
28.89937772928812,40.24216950469775,0.0
26.962225537113177,49.12473017911084,0.0
29.256034570243845,59.82655803128441,0.0
27.3802520109955,58.58456107263708,0.0
25.428291247982152,42.0513592516718,0.0
16.94640958893728,42.331661491113934,1.0
25.88574894723693,54.091088560548904,0.0
28.520398840496117,53.02295169763348,0.0
12.595764492750492,56.531021483829285,1.0
25.024699904672048,58.88897165388607,0.0
25.054188257401492,55.534211139103625,0.0
27.65677315784074,40.104592270858255,0.0
41.76940782996837,44.374196006471664,1.0
26.262184721720104,45.9983822301397,0.0
25.6578384256363,54.02339723180519,0.0
25.35284373700215,59.966950227858995,0.0
28.09745173004807,59.54013908877887,0.0
27.733551396716397,55.64056175340772,0.0
26.057240034982723,51.656136701669794,0.0
28.45468869051233,53.762694121730846,0.0
26.142273706656493,41.56911632634248,0.0
28.13752731609185,53.147069643402574,0.0
25.417503583493342,41.634506914935564,0.0
43.36117703207249,52.16639000015543,1.0
26.580780524883753,45.71516649185412,0.0
29.49027144720357,46.94554078061015,0.0
28.85456101872911,57.77318160530797,0.0
28.566223936114973,50.05132152926885,0.0
28.738046900881255,41.603600281638066,0.0
28.09305689107592,58.34971686263981,0.0
27.297920286068116,5.9847958423204854,1.0
29.190774874943212,71.04788041790644,1.0
29.920417345996476,57.603134758429704,0.0
27.034539803614354,59.30030738908944,0.0
29.54225280666814,51.643974931882276,0.0
28.032145298297948,46.99406459491699,0.0
29.245978257826597,45.523391156417986,0.0
28.74129845191829,42.25160780823874,0.0
27.05191461517815,52.816526293804124,0.0
26.50481783473408,59.028596207236646,0.0
26.807018895335933,10.607963971338156,1.0
29.13228733053871,44.99092399699012,0.0
28.518289296900118,56.50098820360124,0.0
39.19271661166022,41.004860196459646,1.0
29.85529122582684,58.19886287708784,0.0
28.1955996890775,53.42958297334414,0.0
25.774626555717212,5.414812015814947,1.0
16.323913243283876,55.14096229397251,1.0
25.281877483254636,57.63855516609288,0.0
28.835941444655635,56.44359773632847,0.0
26.235516170050733,46.50590268046062,0.0
27.313398928348033,55.02356095616836,0.0
26.766761140130264,55.857088380676785,0.0
28.217888475982626,53.26094383606845,0.0
25.110617757644988,58.874031856404414,0.0
27.510975051656214,41.1529516439805,0.0
26.197809453334862,44.30403744034475,0.0
25.574184123696018,40.110115983208416,0.0
19.07838513883534,46.277561530300545,1.0
26.056159157364654,90.61178794011373,1.0
25.93259255199927,49.52036258737533,0.0
27.80638598784748,42.92747984324498,0.0
29.526753209780317,47.24470883304577,0.0
36.15394642178917,47.957314060348544,1.0
28.118715424320044,79.06399491397737,1.0
29.277302920055035,45.39641440256429,0.0
28.536985000164638,81.47810058216702,1.0
28.31835582681324,48.10205389055133,0.0
26.75355907725855,48.330088638077584,0.0
27.84944842435658,40.87478144617895,0.0
27.59458852641419,50.451531986734906,0.0
26.41887952899362,50.34892703510083,0.0
25.840071038724318,45.20473195970459,0.0
27.696711209578254,44.78360208431851,0.0
28.462180756621848,46.155916633614915,0.0
27.472101523512908,41.045157585720474,0.0
28.258334126879426,47.95673251004314,0.0
27.046670031575214,40.58339527290529,0.0
25.610191174223893,50.799142605611195,0.0
29.17651247794619,46.4935185378012,0.0
29.018360384495573,41.15561121992733,0.0
25.50710414224608,49.178810331936404,0.0
25.871832145024957,46.308137914960255,0.0
27.40761175756275,44.80797825787014,0.0
29.248236953387057,41.58813169286059,0.0
27.904751899440896,79.52478184171,1.0
26.744341332714978,59.856336779981405,0.0
26.16803875524955,47.90261815223006,0.0
27.091215181453094,44.0403133680498,0.0
25.663578770215302,53.87236114947591,0.0
26.119088074113115,46.96191186336576,0.0
42.1873961785353,55.91852774287005,1.0
27.10678501138535,52.15504244505445,0.0
26.3764410672593,90.36677511774973,1.0
28.71754128145804,48.95346850820837,0.0
25.776201229653562,47.90275486528637,0.0
29.777618479774674,54.281054467562534,0.0
15.953032659274891,58.04826066572207,1.0
27.99651058069719,76.3834093440811,1.0
29.14457737075339,47.75297610911294,0.0
25.388673184824924,52.69164835100607,0.0
29.262737106229853,29.143680245493687,1.0
25.411905228079213,49.97791329071884,0.0
29.69170228410519,58.152220051131096,0.0
25.257129067421253,52.069861920867574,0.0
26.22978864192254,51.83394324612651,0.0
26.024921477079104,49.84650960002364,0.0
26.342810837268214,24.582449573901194,1.0
25.524650892090875,49.526714666021974,0.0
27.759534193872426,54.24028040661561,0.0
29.736416698059077,53.76810036984274,0.0
26.94647807020988,41.45803670735807,0.0
29.64764572123913,42.62978239795963,0.0
26.962467782033425,50.33396770452536,0.0
26.153349058588795,59.26998481775176,0.0
28.512324852720518,57.10060403239871,0.0
29.077307142274172,56.11850800235243,0.0
25.909640652476355,40.78919065781798,0.0
28.12307024057266,82.05330247299605,1.0
18.254156641239483,50.64583751902909,1.0
26.88472214712454,48.378955803749506,0.0
26.425475843469236,50.247275550915816,0.0
29.847061611676438,54.09742020086763,0.0
27.361074625809746,55.29619601805991,0.0
26.34874805758495,46.13553199044282,0.0
28.687506240548743,46.279334347547056,0.0
26.571779905381632,46.23632266170519,0.0
27.964699674208514,40.02707251430936,0.0
29.38600270406554,47.67677766089959,0.0
25.687604720729965,56.81743158851845,0.0
26.86344258506157,44.93207269956049,0.0
26.98271391160635,43.497628743519186,0.0
28.06705694605354,42.487367980010205,0.0
26.058179492849305,81.88990479555021,1.0
15.837135877313639,43.71466144010371,1.0
27.828659819978956,42.81605897785352,0.0
27.229513531883743,43.23342872473924,0.0
25.852620618436458,46.95143048477964,0.0
13.683472137943513,47.9903756917387,1.0
25.226093350530945,53.085851046499236,0.0
27.46309046996435,40.66378709124852,0.0
29.03922970970629,58.93467457846791,0.0
17.49977798452071,49.41920504869467,1.0
25.20387570777382,47.51776570291538,0.0
27.52944339442233,48.61058676924415,0.0
27.64468567013606,47.374143417295905,0.0
25.610549570050132,48.09054771147739,0.0
27.46058146539769,53.88301147019662,0.0
27.574086769648453,40.22835966908147,0.0
25.567787960998146,49.18530394346428,0.0
25.095724339984184,79.88148288577895,1.0
40.00112752076627,49.74530708200102,1.0
27.118691268243815,49.8219145876633,0.0
28.56674792942276,54.86386397463207,0.0
26.485608578115876,45.62008997817427,0.0
26.804869484700134,42.857519226788234,0.0
25.023160115023014,40.46704192656372,0.0
29.22274699267535,53.74038533006485,0.0
29.708459933290154,86.54444331179096,1.0
28.78365083534284,90.59059026872434,1.0
25.328543197141762,48.035576013086484,0.0
29.68982615716947,14.878882436807626,1.0
26.96122022549866,52.682842765914735,0.0
28.104577588837387,45.19083566352181,0.0
26.053310945028333,46.90683904489776,0.0
29.19449043222967,42.811059351567216,0.0
27.58855821692356,58.81569041006216,0.0
28.223726242884094,16.052675866993,1.0
29.54660201039391,52.471713760055195,0.0
29.16067088978871,50.593194478912395,0.0
25.587631233885524,41.245462117637715,0.0
25.25985641825736,40.00023269510732,0.0
26.641165528391696,28.25996050423314,1.0
28.509834386288517,45.95096902637641,0.0
10.883849469845186,53.14060996468214,1.0
28.579124823410442,54.5411352323078,0.0
40.56878443172096,44.15081872411407,1.0
26.28388283860254,52.13463449434873,0.0
25.16263089745626,45.020027665246005,0.0
28.490808570098725,58.301801368140865,0.0
25.58449020354182,52.72192092819084,0.0
29.10930029645178,43.02493657469869,0.0
43.549740195614746,55.45542839330158,1.0
25.40523107953824,41.15688898894321,0.0
10.083636818768571,52.45379081899595,1.0
26.393232321183056,42.74219411457998,0.0
42.4835585366574,45.71415135321781,1.0
28.948492535712397,59.69716805524952,0.0
29.315517129377966,46.92199453075571,0.0
29.621980976882654,48.67634839153059,0.0
25.50561338061395,59.44010659263074,0.0
28.540362888980226,50.800238292090214,0.0
29.75357153204958,46.46743124231041,0.0
28.229586206658006,46.33893175582239,0.0
35.66564727914223,40.60207744422638,1.0
28.08923620100607,49.6607939511778,0.0
28.11315266799329,17.1005143127351,1.0
25.759513467561472,53.299698069519906,0.0
17.517469923958405,58.572611242307886,1.0
27.792021248679024,49.69392574260094,0.0
42.9155820259137,47.84187153809145,1.0
26.776598742369437,9.005640024412656,1.0
26.8662589581467,59.151620301676346,0.0
26.360725686149813,51.05001934815778,0.0
28.477336033449312,40.30789783382617,0.0
25.9057467476734,54.85762987335878,0.0
28.844937075902553,54.387072447383176,0.0
15.484191629935626,46.867734043552886,1.0
25.13547996251742,42.49641627933697,0.0
27.40293288663324,59.25536700506412,0.0
25.672073384694873,45.869776464162435,0.0
26.200728093890966,58.766096368969656,0.0
28.293916833553588,50.222582784744596,0.0
25.42282689048619,88.8099470575947,1.0
29.3873043131519,59.48388887632714,0.0
29.879326279095658,47.4188201631553,0.0
10.664633257762722,56.691435805112555,1.0
43.773504531328385,50.49471275322864,1.0
26.94338644844741,52.011886667212345,0.0
28.100662989007684,59.289533078016234,0.0
27.83972615276315,45.40786572769051,0.0
27.310029018220664,54.11171725287649,0.0
28.248164495236075,52.49327137708528,0.0
25.869476246097438,56.143110747297655,0.0
29.988141487010783,78.68796988284387,1.0
13.138268082244156,48.04812518598624,1.0
25.368982823676994,44.77592422763078,0.0
26.049527965477928,51.15417652500088,0.0
28.05166891655459,56.45967610083535,0.0
29.040601897822086,49.19600847538641,0.0
27.881441800834065,48.19257789790464,0.0
28.478743444923087,41.30409182520984,0.0
15.767023988577563,51.35948594632161,1.0
27.187374610118646,42.525294831290054,0.0
28.416476883032527,55.146204142688774,0.0
25.848642142884614,71.75270349103143,1.0
25.384899549143967,53.00402184796307,0.0
25.507357714330162,53.22741222140829,0.0
26.857336313121884,27.606082285189128,1.0
27.14497013687509,41.379160327128425,0.0
29.08648884981247,59.33690999598571,0.0
25.47767656917334,42.10786436215611,0.0
28.53388608442723,57.428280683817086,0.0
29.469462915254788,50.67934945095527,0.0
29.512764533397835,44.939575981439994,0.0
28.427826436144855,42.03607365899074,0.0
28.80809807664359,49.75708087852725,0.0
26.143214027517313,54.204855972466234,0.0
38.54271327217216,57.41338068251035,1.0
29.645697600077312,87.09666129588358,1.0
25.28779380008322,48.37586638148323,0.0
29.500093209240525,48.150860620648615,0.0
29.75303573468778,58.12874906688822,0.0
27.13553894313128,41.245835962601255,0.0
14.64238519739225,59.26720640892076,1.0
25.281516378409187,53.01946934301908,0.0
28.336061685970904,6.006450075230802,1.0
25.17971136898371,49.2311494883958,0.0
28.11043350113937,57.114745178115726,0.0
25.058102699540502,48.732283795375324,0.0
26.734766009481138,59.11837657910638,0.0
27.447124818215702,41.253792432437315,0.0
25.63001013931997,13.436356974105724,1.0
14.839893681797472,46.79943727586496,1.0
27.415904316568344,25.809088491524875,1.0
43.43326167787883,43.46992100710044,1.0
29.72382864941214,57.80516106035604,0.0
25.978955673946484,46.690225774838645,0.0
29.70229292176457,47.443340476750265,0.0
25.831416843780396,41.53724150552327,0.0
25.301336951447805,45.41612656073945,0.0
25.392892485775103,56.716518558210325,0.0
12.201113259047531,58.943229258004955,1.0
29.998588366430653,40.25215039951518,0.0
29.303652916281717,59.93393707705954,0.0
29.485551299762886,41.44168671997347,0.0
26.61839618202122,52.215601421515366,0.0
28.053100212208165,40.153280652984506,0.0
27.39969417358562,55.1755250751465,0.0
29.022070298387366,94.27877268420714,1.0
25.532965151539955,51.98089174300763,0.0
25.71495841026418,43.9619526551948,0.0
26.242445699072327,45.900814153083125,0.0
28.170028515498057,50.931542840645896,0.0
18.791857726012477,42.08909036200303,1.0
29.455715568490355,57.556601563040815,0.0
15.573371695730081,49.279633963337744,1.0
29.66059141241806,43.08919494446648,0.0
27.934682532794536,75.5309674111516,1.0
29.72366011145705,46.746910935381855,0.0
37.29598160753969,47.347814573941406,1.0
27.956377178724647,47.684134259716004,0.0
25.940605798618808,50.466592623894826,0.0
29.0109849037702,58.61190429287832,0.0
38.87826089916931,58.58289434423375,1.0
28.16575687797011,49.086908461353104,0.0
29.816112697203057,46.60430129742995,0.0
29.68414869662379,58.12222004264994,0.0
35.0199213521907,56.9024170299207,1.0
28.986476828897768,53.45933244788865,0.0
44.01774028546229,41.32330377668881,1.0
29.321791249198185,59.865100308459276,0.0
29.83327409521835,43.94940979719875,0.0
25.60943046668474,52.33567215705082,0.0
27.4918388636974,59.22270970815186,0.0
26.536449824631433,41.622983570724784,0.0
29.599278082063805,58.00166366032961,0.0
27.79820165654109,44.02624215644867,0.0
26.55861033897774,48.44068520255278,0.0
27.258838393686148,48.19342106751985,0.0
29.871974038330833,55.95828319231788,0.0
25.78103284343311,85.29577550258054,1.0
29.93824781868029,47.38561540431082,0.0
28.665565112076404,57.13074447495853,0.0
28.625030381495595,24.684298953731822,1.0
29.111906055926774,14.822377722329476,1.0
25.03781437489071,57.54940093308964,0.0
25.635302563259422,51.101698986045726,0.0
29.856975470208198,47.61035419739789,0.0
29.460232775885565,55.97428383309149,0.0
26.955407683258805,44.69946809991906,0.0
27.501797231077802,78.86665512462707,1.0
27.62378215816119,53.236783796987574,0.0
39.15775103523322,44.762933073313924,1.0
29.162213204002107,50.65915573102671,0.0
27.903495422771424,29.367264901213787,1.0
29.609371175115584,58.73915646062126,0.0
29.849394133538194,50.387717190078746,0.0
27.043670855490483,54.44286470911812,0.0
28.35946371799364,57.541811620363774,0.0
29.089171080875108,54.73070456669585,0.0
25.762695214571306,41.43423777695302,0.0
27.337007556249347,40.38655261835202,0.0
25.866471600354227,51.860886683735686,0.0
11.87722405692252,51.33210517810926,1.0
27.405700509274087,46.777212986775034,0.0
26.9654886233338,59.36977555188768,0.0
27.23002886478978,42.67656725999386,0.0
29.537832369630465,48.790233772658205,0.0
26.246461145744377,42.11329368523488,0.0
25.469909699204344,55.22243074086316,0.0
26.838915663596268,49.08754669119922,0.0
28.358503422029283,46.287002263674964,0.0
25.22613644455269,47.93963034148567,0.0
25.85443793695033,49.44986710013027,0.0
25.835169730460375,48.272853498372704,0.0
28.11649063413779,59.5122040171983,0.0
13.230273457540939,44.29391774926711,1.0
27.59540892568109,41.85250966102734,0.0
26.11053905235365,52.47791672583277,0.0
28.293538877504382,55.084965193641615,0.0
27.695806383376272,56.76983667686049,0.0
27.61366414690997,40.51623813898974,0.0
28.34042568285323,50.22550924401502,0.0
25.413993339625634,55.89031088981497,0.0
26.625950321123476,59.340705505122926,0.0
29.323611881275266,48.54979375841231,0.0
27.517086354274284,45.84436460923796,0.0
28.29461970955076,55.8101958854977,0.0
25.112129445810275,75.66304065090264,1.0
29.34452492239359,45.37067512135215,0.0
28.36067773702939,59.19153288642067,0.0
25.685742440763715,25.873680142360094,1.0
10.31149092793391,40.216221672703924,1.0
29.045118201458383,27.449116171194714,1.0
27.2615914225915,44.4858696657009,0.0
27.262197580663468,56.53414719482975,0.0
27.36735885390283,46.684766373921214,0.0
28.997051994545213,56.09813553682877,0.0
25.126931778301724,50.667732575307255,0.0
29.759058927116193,52.83468794597116,0.0
25.927627578515605,47.434481328046864,0.0
26.44315276620128,44.38137618203716,0.0
27.747644411618676,45.203155819241026,0.0
42.23443662354912,54.49196573695258,1.0
27.357880942750793,49.87093160680237,0.0
26.40481594796115,53.13560209448588,0.0
27.96175164296681,56.14141807733406,0.0
28.039525463967223,51.78907978969394,0.0
25.273808194110156,40.619115818386874,0.0
25.7552894589045,44.573535592072176,0.0
28.766890926294707,54.15670194459537,0.0
27.853891523344558,48.69191921717423,0.0
25.372753218398856,42.32732795770952,0.0
28.159067635083343,56.13930981767987,0.0
28.640943781018017,51.71729576907038,0.0
29.48682932895466,26.105308132153578,1.0
25.909400421995723,53.41464623811668,0.0
29.353767251686296,45.01786091382205,0.0
29.35891783296101,56.335589330112725,0.0
25.33508268875605,11.7999651336089,1.0
25.14986794936339,45.526382169317074,0.0
25.601045276853043,57.65987649659546,0.0
12.187156129979273,50.9339136414426,1.0
27.49444076725678,43.72271795506696,0.0
28.09127385765148,40.248080725546295,0.0
27.66056742632658,57.045277487823626,0.0
27.226526275013327,56.779946554360215,0.0
25.97888992841773,43.98540672933601,0.0
28.100363779642567,58.049066145716836,0.0
27.15443761830903,43.145464163594305,0.0
27.276100745409007,51.63244585978387,0.0
26.074701892953783,49.528739726875834,0.0
29.01740465192424,41.612030275142494,0.0
25.83741291129535,50.78189105472018,0.0
27.063088384557133,43.17816335338707,0.0
26.06169555339138,46.48667506230751,0.0
28.85460922322026,58.368528642908174,0.0
28.20985750221633,57.633812236870156,0.0
25.167662173678895,51.54399773469102,0.0
26.758113436198173,41.250525914856915,0.0
27.140998074628072,56.57111195812163,0.0
29.849105225392723,54.369078946451,0.0
29.686142436182255,44.839542606340906,0.0
28.90262757621931,46.02092155668626,0.0
29.72133244556717,47.54636107926386,0.0
28.4697422223355,56.44844747336557,0.0
28.13854026535709,52.25146936689639,0.0
29.28244920594161,44.41223905422422,0.0
25.375688908679045,48.98699484079284,0.0
29.814960019294972,40.999580573193576,0.0
25.520548246920832,46.53485084060082,0.0
26.065523520125417,42.37005247196303,0.0
25.183357134667716,45.00935797584998,0.0
28.684368724720912,43.18984525082717,0.0
28.03357523191428,46.22434990126787,0.0
26.064820807544553,52.41857134956862,0.0
29.290116355036147,80.78084674478895,1.0
29.373508363420996,44.17765448010327,0.0
29.825134553332564,47.89152151195293,0.0
27.79824341743457,44.1415161842171,0.0
25.12200390778269,50.00802291420403,0.0
29.27848234053143,44.06446182172174,0.0
26.146828885188363,28.66890611730602,1.0
29.930005319114354,41.35336723800003,0.0
26.370803332799028,58.82241625067347,0.0
37.034727424975955,40.38310971102506,1.0
16.711574733796887,51.90425668253749,1.0
28.659969709057027,44.53312804453976,0.0
26.633196247129554,94.58918016284157,1.0
28.487357308346418,45.19809958485666,0.0
26.00926726061474,41.35005093367644,0.0
26.149133628988093,13.360029474718717,1.0
29.311818543733725,44.5435911404703,0.0
25.935218742787615,43.92195425476786,0.0
25.890179834348757,55.2380362520974,0.0
28.447633755157806,52.0727440111875,0.0
28.595229525921226,44.647686461120955,0.0
27.9168438254858,49.18479755193916,0.0
26.900978093929286,45.17423284310882,0.0
26.87791476319972,52.72582707958496,0.0
15.180080664046248,41.84721056222757,1.0
26.40386181220428,42.561914927324,0.0
26.410172862856534,54.5587861394753,0.0
29.07234241294468,57.45460500969204,0.0
25.155670414422556,45.777698778183314,0.0
29.049372229273175,52.34133032235603,0.0
28.899226975755717,40.8779988528601,0.0
25.932835120256527,44.74866936749613,0.0
25.24106019430278,45.348040557150824,0.0
27.087903878924642,40.29386777309908,0.0
27.59886974278009,47.931073639799266,0.0
26.731729971829807,42.322779204010516,0.0
40.41760964267563,44.68851200023029,1.0
27.269949555998494,7.384023031825089,1.0
26.39989546830142,46.62694014206102,0.0
25.64839489112118,18.66146354320311,1.0
25.370223258670453,48.05960357530323,0.0
29.1993065143336,56.49486474694015,0.0
25.06500961755368,59.614786871668585,0.0
26.363120003667667,50.88507932227395,0.0
26.779863393256306,51.599675748562625,0.0
27.78381446506965,45.53628615582612,0.0
27.838636589655273,23.811708439662358,1.0
28.131101608157078,47.142423186010056,0.0
28.56089610673768,41.64343334952855,0.0
27.047058260956202,50.20864978008464,0.0
29.052766653909163,52.305960501396044,0.0
28.357865977963996,47.15596530650883,0.0
26.790813590164202,56.43273795420943,0.0
25.185038173577464,52.654237574972015,0.0
27.776817754688157,51.81275667989276,0.0
27.560465291496406,57.84169377880469,0.0
29.483942049530057,42.219789384269625,0.0
29.367116190408304,53.891908545065704,0.0
25.19713405684253,54.81808112304143,0.0
27.10860463436728,57.2338180757469,0.0
25.641971447270627,59.05630034005012,0.0
26.428560431409302,44.02727564271949,0.0
29.730577310668163,50.86049167915326,0.0
26.032106358803016,41.772094279393585,0.0
26.467959221322467,54.51959819970591,0.0
29.623468091392816,49.22954929249468,0.0
28.002584302168266,46.97641067938959,0.0
27.417728233599625,47.36897839833158,0.0
25.326781703994712,59.01545415462676,0.0
26.399669484729714,47.10986020882715,0.0
26.186245437484,59.357200696900605,0.0
25.736377817760456,5.644239969108779,1.0
13.505205342861618,57.69710235392009,1.0
26.985917648092276,47.730810136460555,0.0
29.490152744749935,40.27491108022691,0.0
27.481831236006183,47.15628168227098,0.0
29.77432640331597,55.88394662554168,0.0
39.512941130292546,55.015392984221116,1.0
25.89272331027167,59.6197475632537,0.0
26.728336416619317,51.2088126196088,0.0
29.310638086327252,55.60752247141961,0.0
27.90619110711306,40.734427250016424,0.0
26.29876891880163,49.68154139420403,0.0
27.193077095947952,54.28653271469995,0.0
16.66847391305658,59.61136454121447,1.0
26.69937481884033,59.32095010257355,0.0
25.50891236310202,52.14179157437508,0.0
29.186835398850754,86.45399560743934,1.0
25.025307919231093,43.48218670668169,0.0
27.717764305569943,47.2383998167573,0.0
28.439428611504066,59.212539510263994,0.0
28.483254119384462,52.91644772572968,0.0
29.436063712881634,52.12505875501955,0.0
26.79415242061751,42.289752761318105,0.0
25.20786429525196,53.708877664438035,0.0
17.16397111958099,44.24894554390946,1.0
29.938927601074436,50.300113194194466,0.0
28.918265063705714,41.392822963248115,0.0
28.400703858801503,46.90384416988421,0.0
29.435432121325587,41.42513455530517,0.0
26.61478236470623,47.35881502604169,0.0
25.027610585618014,57.361133802149006,0.0
25.932191310721272,46.23727715833766,0.0
27.601538504518967,49.884248945006,0.0
29.03332526513408,94.24309081994943,1.0
41.939495905101566,55.95464526696428,1.0
27.9215715596155,50.77403595905429,0.0
41.73645417474908,42.86002245331453,1.0
28.294427351163286,59.02846441691132,0.0
29.095511588370996,54.279052650131796,0.0
27.970653576760675,56.07207070883071,0.0
18.03002071957837,41.23616921378445,1.0
28.36716216662459,50.3740198876119,0.0
25.704621124873814,44.170210287146716,0.0
27.981349392410266,54.07714183268662,0.0
25.30538979927432,56.58789329717694,0.0
26.32800021294353,56.94121653967799,0.0
29.571494032802494,42.857005746016775,0.0
29.23226145867259,56.912087259798135,0.0
29.19164352355569,59.68220638072995,0.0
29.028350764750265,40.243135429547735,0.0
26.76710689651359,48.878389090127556,0.0
25.650403349144735,81.4482248608507,1.0
27.140920741586573,42.430027526018364,0.0
28.038683974394296,40.19847642255671,0.0
27.486242529461926,55.386097872826795,0.0
29.050566973395902,44.27022732621344,0.0
27.447263801387816,44.82402915199083,0.0
29.129083752823814,42.946060885579406,0.0
25.922605096781886,54.073719549215916,0.0
43.58764279349472,56.514219031213344,1.0
25.465513839029494,43.003380016340834,0.0
25.13183487248626,43.04208566444546,0.0
27.638387331108476,70.8164765196124,1.0
29.846512678095493,59.6997931228175,0.0
13.725332737595508,54.78133951878745,1.0
43.58816771168155,45.57286126230073,1.0
26.91569264124749,59.102304145834026,0.0
29.65474347753489,59.37074663399784,0.0
28.590615381132473,44.84044159961754,0.0
28.34106399277508,53.449209960500575,0.0
25.602834428886393,43.33906177494397,0.0
27.70950473689179,41.086640696458076,0.0
27.3279900906623,40.18663239654187,0.0
27.600817505559966,46.704160947417456,0.0
27.600340105889053,56.521352605050566,0.0
28.219997716195078,58.18909221874484,0.0
27.563442555082542,49.28190318907008,0.0
28.059264473611897,49.30411224567436,0.0
27.446962687032944,18.74671406940513,1.0
28.192629738320427,56.96084179202968,0.0
26.35372336571777,59.28057694331028,0.0
26.424364509809614,53.4574333719616,0.0
27.893377042861967,53.94418763819274,0.0
41.07752683095653,43.04097134848983,1.0
27.093036374591648,19.58130980781392,1.0
28.852037089038966,59.54615815983007,0.0
29.002933495545413,43.031901496001986,0.0
38.894049389788755,55.50488103669899,1.0
25.332481336833887,52.158104281814076,0.0
29.311014868290943,14.942110360826367,1.0
26.992523671986866,55.77229929344813,0.0
26.210225079312636,49.95079704292205,0.0
29.35484561873043,41.09268840001945,0.0
27.66801273363439,40.18108323160742,0.0
25.285434280446573,47.059170069047134,0.0
25.724474360456114,40.24241549287787,0.0
25.734609617918853,7.103191556484571,1.0
25.259117684112134,51.440972867386016,0.0
27.399378101519545,44.23988109397316,0.0
27.169258246189866,54.15361869481831,0.0
29.15109932283496,55.235963827553945,0.0
25.184434736772666,49.62688303270647,0.0
25.553158684776037,53.04583297183879,0.0
25.15793072412821,42.557336024448354,0.0
25.881934932531117,45.768108756374914,0.0
28.621694085643707,47.0884989758611,0.0
35.19128966437287,57.481435466103704,1.0
28.861591958678197,56.56498504874437,0.0
28.4871013362342,55.778649435520144,0.0
29.818099885446266,57.73849800418539,0.0
26.187716624619387,49.92517505764723,0.0
28.849967765493055,52.31970900520358,0.0
35.75699727309787,51.31563109681993,1.0
27.461389282240173,54.68887864151183,0.0
27.571172192068058,50.71655368946163,0.0
25.18341601445299,45.944756154172346,0.0
25.15714592843367,59.3164432230644,0.0
25.866009349550076,55.69793954222935,0.0
28.545302597254583,50.450203621711765,0.0
25.80610643627002,41.22699254221337,0.0
27.611216300274023,54.661425920593494,0.0
27.177916574064664,58.89472517566159,0.0
29.983184185369527,51.19511367276765,0.0
16.204737850519706,43.00944542011995,1.0
29.986189499518012,27.87651831293056,1.0
26.162529961039155,12.680410425531772,1.0
29.452636403699476,50.42891378087179,0.0
28.17546825433822,48.80397995910981,0.0
28.08572493302015,45.80091063924874,0.0
27.81704182241927,10.845320827326603,1.0
27.85304873319415,45.749233297945004,0.0
26.2895141352247,47.23706186410277,0.0
37.19553923229802,58.414793006852705,1.0
29.3275356294699,41.41864432267547,0.0
28.687130428853386,91.11664772725561,1.0
41.48318007452096,59.22984649148224,1.0
27.448122310251225,17.31338451785723,1.0
25.712477714507568,51.82260606517033,0.0
29.367893120533886,54.53341984140646,0.0
17.587153211639208,55.02354273908085,1.0
29.084869536359186,29.458869676421415,1.0
27.278283763928563,55.51223701850655,0.0
26.70936083019343,56.87299328103647,0.0
28.818028970798803,53.75444084861121,0.0
27.632013304680566,54.837926539174305,0.0
27.763311338883742,14.864307882973094,1.0
39.11958095034102,48.59970428242119,1.0
16.5951076864077,56.61898342110137,1.0
26.404672548436903,59.84316029646625,0.0
25.439332495724166,50.1384087592367,0.0
28.057271177173238,42.851882881638176,0.0
26.554911608578312,42.65049345483697,0.0
26.1213465473028,40.41889922061826,0.0
28.612260576307527,53.12957214663005,0.0
28.16132143959765,43.08290086356974,0.0
26.18435279487241,40.43826657550018,0.0
28.5755008064185,84.05472027661312,1.0
28.362592280385194,40.43646793550979,0.0
25.645797075757475,57.16354106314328,0.0
26.994113904484504,48.6880663801322,0.0
29.9325762439649,52.03846862030263,0.0
26.35416125631037,42.97776100664889,0.0
25.169729892928995,46.26695835170286,0.0
26.80213413570743,85.34925765813081,1.0
28.204373724016072,58.143900614116596,0.0
27.910852300881366,59.62287463583644,0.0
29.090073829612464,50.188442562995796,0.0
26.512097556392682,9.075477845372156,1.0
29.368385570931693,49.445636083259636,0.0
28.791315979645113,55.85190232576767,0.0
29.336471004799012,52.71909414327457,0.0
26.622929149501353,54.022791888349474,0.0
27.871437875451054,12.660820567584288,1.0
36.175513001502196,41.74034436605577,1.0
27.7602359042599,52.531850221864204,0.0
10.769716693808741,43.812196661489,1.0
35.577321592251174,47.02438774697562,1.0
28.645035840204937,46.09358278196082,0.0
43.90855534983147,45.264946930360225,1.0
29.20914388379136,59.101210229699774,0.0
29.31498415679436,73.6609064150704,1.0
25.588755414450706,55.06855844513938,0.0
25.68185737793385,47.047498932193086,0.0
25.31687485236384,58.63507438865633,0.0
27.884519423131795,51.648453164144925,0.0
26.68501588215643,42.634300571581875,0.0
28.415033867081785,50.36157532477631,0.0
28.623833857643806,55.220755805015656,0.0
28.121189979569962,40.202623680554865,0.0
28.035470180443905,56.282513711823235,0.0
29.751186769104013,45.68548185855033,0.0
27.92677182198376,53.48039838117585,0.0
28.6820100753282,52.49748199213998,0.0
25.877458136906785,10.278148563950936,1.0
27.47573263506987,50.889646656005254,0.0
28.66286048605125,46.42991402495764,0.0
11.949751999002892,50.03035920700333,1.0
28.271710027463598,90.58880566529547,1.0
26.052534698326713,23.93207445688752,1.0
25.623313406016333,49.71179399318795,0.0
26.136348136315757,47.98070635284869,0.0
18.97919186957666,41.34468360181123,1.0
26.159735480579876,42.208637268222056,0.0
27.976925086600218,46.84895957669427,0.0
26.739046039510967,44.507625360135314,0.0
12.640619846937188,45.758906853519846,1.0
40.031324725515404,51.41754833678952,1.0
29.825593482180228,47.47842094025627,0.0
27.303893840163628,58.361531043983014,0.0
25.838096081441588,55.933627943827446,0.0
27.437155991247568,42.688702588162435,0.0
28.300986883588656,52.39178674919681,0.0
27.951153334345435,50.40339784621502,0.0
28.899254944466747,57.85116454972949,0.0
29.604209413086863,40.55073439738931,0.0
28.248233244961842,51.90263349811363,0.0
28.146993190676312,40.543348424511194,0.0
29.07287360115691,41.19049400695543,0.0
29.95339578532883,90.21014347234228,1.0
27.96420090254055,93.35760285418726,1.0
27.51318546552596,52.037631792726444,0.0
40.40905003838081,49.3613810846858,1.0
36.17203905680233,43.414167266249606,1.0
28.80513951251014,48.910832774837814,0.0
29.749805919751125,50.31723805424656,0.0
29.339591472600112,52.6456430727528,0.0
27.900431039189055,45.99601055130472,0.0
29.341362527041902,45.93119824411861,0.0
25.36099204489588,59.04443571395189,0.0
26.815411481993177,48.608548206419805,0.0
25.80379948024154,42.68549701804551,0.0
28.974047743749647,43.25399487617132,0.0
27.90086184613666,54.468956357000025,0.0
11.87920380815323,45.43266362548739,1.0
25.47857277760081,43.71293409802486,0.0
37.0431638339897,50.19708019100915,1.0
25.497206963796724,51.774630442626396,0.0
28.7618726471884,53.27579372351178,0.0
25.091953382737334,54.80952263907038,0.0
25.89841554435121,58.94181334217038,0.0
28.821766932182136,78.77047773337539,1.0
28.88524642825878,19.708805524578835,1.0
28.325183372731278,42.219961975826294,0.0
26.14977302945543,53.248680234021364,0.0
28.703843088771023,58.74776132994238,0.0
26.87270059423681,43.837346494374856,0.0
29.648488261712863,55.6152317213688,0.0
26.219948216895418,50.606042664983164,0.0
27.902941751390216,50.8281521469517,0.0
25.909124836035502,46.66003826116396,0.0
27.771770262557002,51.76404533896781,0.0
25.902876725636666,47.20467837600856,0.0
25.367483736650062,56.00006963527363,0.0
27.93304231587737,53.10347429048676,0.0
28.005575058716044,44.67424163820866,0.0
28.338802958015766,86.89557312760184,1.0
29.503509320056292,54.57962123311633,0.0
26.576451689153053,54.05081003069614,0.0
25.146236415172794,41.24406452329406,0.0
25.670076142253205,42.839439795219874,0.0
28.885734579637184,49.16601283057313,0.0
28.337788692605137,49.20716542403852,0.0
28.22586395204725,55.7380677251059,0.0
25.489170803255007,41.541165582686624,0.0
29.480456499617468,42.42769878844858,0.0
25.75208445551764,57.648327368146774,0.0
27.91520780484846,59.12094287223866,0.0
29.71365887067563,50.61875356824188,0.0
27.19870243253954,8.009689469727226,1.0
29.271925466847897,55.72411304522116,0.0
26.28231530508383,15.429835464114412,1.0
28.65794760877666,56.9685075818105,0.0
26.85236051395691,41.930689403908815,0.0
29.828160165372797,58.54355638958906,0.0
25.155915675306424,44.52057995631999,0.0
39.8509465997954,47.59503045838635,1.0
28.119296623382866,55.28881456151009,0.0
27.96579109519734,87.86883191109865,1.0
26.053965507750142,25.13575107614948,1.0
26.02920605018384,50.97717330154712,0.0
13.827987644363878,46.84215241727188,1.0
27.12606752234617,56.0887441535901,0.0
26.21586095499727,47.50659815839204,0.0
27.402534736289144,55.607310060137635,0.0
28.626288302075682,49.23432287626238,0.0
18.218309465853594,48.599152395596434,1.0
26.92163323579841,47.35571975512306,0.0
28.6297783943512,54.326467761253646,0.0
25.698861883131446,56.42396565100453,0.0
27.2422276098916,48.22191205201413,0.0
25.682198762783667,50.71107629759345,0.0
29.572059729624797,58.95376051928942,0.0
29.386865359639778,59.69339479049016,0.0
28.091090316581305,49.27864973376673,0.0
29.683649943683672,45.09341244092102,0.0
29.24611705247089,47.63879279305792,0.0
27.034024004758617,25.43263280533092,1.0
29.866913095824106,17.852386063781495,1.0
28.480103090268962,40.351047267332575,0.0
26.36813333140833,49.5380021293594,0.0
26.54763808143164,43.15909645670696,0.0
29.35049436950465,48.65458272039409,0.0
26.68807585701814,48.52166767780743,0.0
27.722445489804247,44.052652682706864,0.0
29.35768403076188,51.87121870757572,0.0
25.69746930326021,41.2028468520157,0.0
25.603179355503006,54.798082415338605,0.0
29.778257491148768,55.66396826597252,0.0
28.179701634133554,79.33644862831763,1.0
26.366297634991046,47.140586879400246,0.0
25.9061653308283,54.28065288933713,0.0
28.611334659278295,45.715671110517405,0.0
26.391842408313284,28.46324458682826,1.0
25.116359678679128,48.5931362547787,0.0
27.728083946579673,47.67665903866088,0.0
29.985622500788555,54.36662350744008,0.0
43.379083748518035,43.65675559737634,1.0
25.217062664274096,55.74774053504666,0.0
29.35921763872616,54.15442700535055,0.0
27.850305850446823,56.83997105780123,0.0
29.566202762782357,56.814060560224,0.0
25.08293914463928,55.700330876741134,0.0
29.106286523360065,54.58346975098896,0.0
29.046805777392567,56.355706597138905,0.0
29.123404829625745,47.31361496522743,0.0
43.03537659462603,47.746450359506284,1.0
25.512548639953398,57.07569843409334,0.0
29.805351587347275,56.672999238751714,0.0
26.60024800515306,45.43899452257262,0.0
28.008059100731657,44.96767217486415,0.0
27.10712275296249,44.009490310568054,0.0
28.463129761130823,48.45457273787865,0.0
29.928252270553003,59.517475098201075,0.0
27.266444173740137,57.60629524297854,0.0
25.586540944811972,43.83185891469652,0.0
25.325257964926397,53.29823448974436,0.0
25.817619362925115,48.75322656296407,0.0
27.116675720765986,80.08026582959558,1.0
28.27620990319511,47.960105859090056,0.0
27.15972509321058,51.1556683474005,0.0
25.86159935600815,57.2912721904534,0.0
25.55237056565697,53.03279520954553,0.0
25.41136162138531,6.265561806726853,1.0
29.03417369633632,54.590164573047936,0.0
26.942790506351727,51.65852113608526,0.0
25.961445094043356,50.93296440375577,0.0
29.933197892505877,51.2244557656505,0.0
28.14471423389942,49.16373773475785,0.0
29.680773870803904,55.10083857492557,0.0
29.255683357584285,57.22739992726872,0.0
28.989068244293172,43.0965722519544,0.0
25.847463733430462,58.378530672791086,0.0
27.538051893422274,44.139851568768535,0.0
27.68487211446707,47.434785898126606,0.0
27.841543016677356,42.42772836318813,0.0
28.512420419935545,43.296296314588744,0.0
28.777755692715242,44.32076365019199,0.0
26.158358506917217,48.08579494509738,0.0
26.98797198981397,54.577228845398935,0.0
26.282813918506818,50.76663886511427,0.0
28.0308731722544,50.81587509971089,0.0
25.97583258609325,14.36804926268441,1.0
26.946152358458942,77.58214727123207,1.0
28.187149507491032,40.70622709880478,0.0
27.984259384438797,72.96609414353951,1.0
27.891934585032047,50.112683068439175,0.0
29.989670552666688,55.351352570358365,0.0
27.130906511179866,44.94680631638167,0.0
29.606537561064876,75.51115010613547,1.0
17.728095732903373,45.22097052469696,1.0
35.669736120252715,56.53717121945506,1.0
26.539649707955956,48.64037855189012,0.0
15.590592849466022,46.35099400515177,1.0
18.881181889340358,51.896947590038195,1.0
29.22437655484727,45.18593517731547,0.0
29.32216623434182,91.02271776007268,1.0
28.97012594635148,42.411168328073806,0.0
25.186740943746074,48.02988631722577,0.0
25.70056587883226,54.45413915396457,0.0
17.227377522388046,40.205689918713844,1.0
27.648252891780032,41.3330408112138,0.0
25.056768223837096,49.24591122001215,0.0
25.122934582294008,58.157975875592385,0.0
28.79646253459237,21.48764954128318,1.0
28.861223846483288,47.612465869531604,0.0
25.048854237095917,41.423165703468655,0.0
25.818279714328522,41.022707628842014,0.0
27.680481831720602,50.6605773449228,0.0
37.415368417016815,40.013067815225995,1.0
26.637486760889573,59.9087503238262,0.0
28.12074453924567,48.96638110738844,0.0
26.28943842716601,59.95641711363956,0.0
27.25693512164838,52.81230367097775,0.0
29.369450387812577,48.142129782512555,0.0
29.663642416770067,43.684496784760526,0.0
25.40116872830821,49.75334137242529,0.0
26.675986208229503,47.75973519893739,0.0
36.61362801055384,44.41008526871294,1.0
27.490978582265694,47.863904020558444,0.0
29.47095437332059,47.854614865428324,0.0
29.635172723981533,44.28812965986329,0.0
29.952525710003368,55.3102579798222,0.0
37.062521138361525,50.211615149191196,1.0
27.492210994645287,42.29865994119134,0.0
26.238654947505786,41.297071889659364,0.0
26.729415284764784,51.39079559134207,0.0
26.24834004429593,54.139529749114324,0.0
29.68106123121845,55.310935010317216,0.0
27.836561098144518,51.68897819514852,0.0
25.091162913381808,41.82782972663553,0.0
26.62699849079634,45.908895549548404,0.0
29.079165624953088,55.46283747837343,0.0
28.63584534883154,54.288483281424845,0.0
28.948090713972768,51.203363669236836,0.0
25.813084696724456,46.33523354135053,0.0
26.850793501277224,52.25879164989051,0.0
26.144377312417497,93.3138719604828,1.0
29.74760311828821,56.7408225048588,0.0
26.385062621629892,93.95295022298585,1.0
29.554635922469213,57.14358513997506,0.0
27.86303616441011,88.2871589925779,1.0
27.928877906367315,48.42496106588144,0.0
43.21388362900694,45.62099500333778,1.0
29.343115839778054,47.8491637245896,0.0
12.433966832185305,51.537147622654004,1.0
26.792328642721362,43.47049029973017,0.0
40.078050639587794,50.025512892514584,1.0
25.457434186988774,52.92917483275861,0.0
29.931053722398016,47.919409453249095,0.0
28.523403813683235,59.6073748188437,0.0
36.93863067936893,43.705407107666474,1.0
26.226745548406605,41.00452022927948,0.0
29.33536159290052,50.11705385903658,0.0
25.226520048860223,42.94905053412568,0.0
27.825665917946043,40.50895519811502,0.0
25.58036320253458,52.06975333192909,0.0
27.71362221673798,57.15124675322568,0.0
28.812234793374344,16.25146598565563,1.0
17.665150495325847,58.70969027054991,1.0
26.18772065437164,49.005084922857804,0.0
29.113071592568392,41.12352154694878,0.0
28.398236413465348,41.161839041606996,0.0
29.342339879489565,53.85064863074216,0.0
26.23674050871599,54.62992980680725,0.0
25.12675371707729,59.926686752544946,0.0
29.80595281911957,43.689525062672786,0.0
26.919456106866058,53.5733991334513,0.0
26.374030177740682,50.052624852602605,0.0
29.67218013402757,44.95119540559773,0.0
25.7667570155804,47.491057740402425,0.0
26.754575062760395,45.13060124888496,0.0
29.840967139573607,55.220158469907844,0.0
28.25616488520746,41.84133972164951,0.0
26.77462330438505,92.91051361330166,1.0
29.849571989073016,59.34253230518341,0.0
26.93051318900387,51.755387217243964,0.0
25.290418060841,41.352251271844295,0.0
28.630456668613306,54.914675654624645,0.0
26.706239138130783,48.68041945417518,0.0
28.897922367833765,55.47982756305525,0.0
25.48588246885384,54.569813543232264,0.0
29.35730295093859,59.89732634339534,0.0
28.587988828290882,55.78585696639371,0.0
25.932850294430178,53.90070457717106,0.0
25.59082413810828,43.72202835692555,0.0
25.844675315360824,59.53600657021319,0.0
27.83770424130779,55.42245631703773,0.0
28.654337376018223,48.22042150531092,0.0
25.204343081332393,47.60801097940819,0.0
28.31261142176991,55.10540840993616,0.0
29.34071127188753,54.75769969669212,0.0
28.47572277023797,47.137719503422204,0.0
27.68553270909274,58.19253638873185,0.0
26.855193814923012,50.177811111821114,0.0
26.288414442556068,45.30652275110934,0.0
29.701151207124788,52.72354729416465,0.0
28.48507870497634,40.863474715940235,0.0
25.70042007618262,43.54857538939414,0.0
26.594878151468805,58.813584902306815,0.0
38.37206575565752,40.609273726179204,1.0
29.885870921106587,40.3022136842895,0.0
28.05860373117176,49.619457797722475,0.0
27.151529474497313,50.11915815469863,0.0
40.53371189749772,42.82447086746299,1.0
29.22391614058444,59.018571890050964,0.0
25.848789525437702,51.054141514370905,0.0
26.50688937082071,41.42015329066511,0.0
27.770890012578967,55.32231865591172,0.0
25.1326610193691,55.29055589309435,0.0
28.69224604625663,52.20014834158971,0.0
28.182151247718185,48.50456370875388,0.0
27.207652506866886,54.61641929961459,0.0
17.42253187199087,59.361527629014674,1.0
28.682221178123616,52.11558498905381,0.0
29.02996274887579,57.90692178306338,0.0
26.596568187952073,40.672272003665654,0.0
28.687911507944456,45.90602955143665,0.0
25.76429569592166,52.62615106183978,0.0
28.53121113578248,44.5063385990247,0.0
29.47049601839567,49.61780293206018,0.0
28.205738164426485,55.96760681036705,0.0
25.420534030574988,52.170545453929336,0.0
26.08369900045388,41.409838912862895,0.0
29.699160618067374,58.26573895152474,0.0
40.325040664159815,55.38897788164094,1.0
11.909265850716436,43.28811058157758,1.0
28.129456882185046,52.88298442951832,0.0
27.593953108716832,48.995692976426454,0.0
28.999276279736577,47.17431050834027,0.0
25.289213382816982,50.42592095308278,0.0
28.114452379095002,47.107691373714786,0.0
25.106347054251934,49.15399210318588,0.0
27.312673580665738,46.02530521520001,0.0
27.360334725549997,52.524686428421276,0.0
29.718079600837996,44.441517413866414,0.0
27.74366894683293,53.206054394026765,0.0
26.19388572884151,42.732018073023454,0.0
28.579861144236986,42.613046876469255,0.0
26.44875726456884,43.04049706257296,0.0
28.875664116805574,46.06256711890657,0.0
29.316668247859127,48.671655852652286,0.0
25.769479531699275,45.86617221561129,0.0
29.997068628853334,52.97009640237376,0.0
40.35656599347578,42.23185999914495,1.0
29.947255654825284,22.73597161584937,1.0
28.387821809211413,49.18893536811973,0.0
29.646879945637927,42.80048195106635,0.0
28.44201198213868,41.43551612453026,0.0
27.7542868530457,46.058314576663854,0.0
29.57432195110224,48.788099793889046,0.0
26.160090901544052,90.51740401916948,1.0
27.507581473435998,50.84474410983697,0.0
42.02146096181829,55.211512849105645,1.0
28.459475988463467,55.287453244434715,0.0
26.37107601174335,41.907985546264214,0.0
25.65436830359175,50.09591196609056,0.0
26.89892890089615,40.16639884454384,0.0
26.27320327381882,42.27676786953203,0.0
27.776004057997312,52.27867169520124,0.0
27.087055015743896,46.125072415732234,0.0
25.684428150344036,41.5529866934321,0.0
25.3806542974515,55.70379086296817,0.0
27.962072844310214,41.93352899293439,0.0
29.330880728874675,56.00713015644723,0.0
25.200545957062413,58.65849725139344,0.0
28.74980235199589,59.32834771732814,0.0
29.949801161949726,47.94030082474383,0.0
25.983267924764792,83.50741329475768,1.0
28.41629381829798,58.854486381882246,0.0
26.969322028270792,45.94581580614667,0.0
25.979914312095726,46.11048621316047,0.0
29.502090285816653,50.24443841625349,0.0
16.541327370278736,51.55782225388177,1.0
26.060224199541132,52.986446491537635,0.0
25.196560699205495,55.07923807193568,0.0
26.36703535965353,43.3190979059157,0.0
29.474136752138243,47.202728149430385,0.0
29.545162603328205,51.24145588805142,0.0
27.949588434273167,59.58209876030309,0.0
26.713225732612607,14.827597688985026,1.0
26.82134930524038,57.16683353598242,0.0
27.882582377571268,55.378455642152815,0.0
25.10035598888863,55.891565574003806,0.0
28.474909430632714,57.88188605066502,0.0
25.993578407670864,57.55948640890139,0.0
28.8115131225048,90.14286314170545,1.0
25.821328989654965,45.15214440667444,0.0
29.112686214615845,58.122865095315326,0.0
29.5742295053405,47.71023809473844,0.0
25.355174445220012,21.7773289271494,1.0
27.4442329012846,55.018795967266364,0.0
27.067745507626757,44.00564035735252,0.0
28.689484583478844,41.85981279646264,0.0
27.09863658463061,46.43339979319097,0.0
41.28426456614587,40.49943324234099,1.0
25.15250124969525,41.98356199174432,0.0
26.47224446034793,45.7181357847832,0.0
26.361536632596845,56.68289194001352,0.0
29.61249690588648,52.738046349094866,0.0
26.209261454502258,50.368160438904084,0.0
26.100916009749056,59.15579601976408,0.0
26.654490124263248,52.81944154690664,0.0
29.964823980596503,57.41156850092014,0.0
25.90798858400713,46.377336366422774,0.0
26.79616684699883,54.07399559258102,0.0
25.400574231923375,44.608333242347,0.0
28.000102740596517,45.64992131945704,0.0
27.00381530437663,52.41320959649168,0.0
25.171942605576092,50.41915954544084,0.0
25.426748340393218,45.18669794634189,0.0
12.646350269253574,46.87915373115371,1.0
29.383828183808745,51.172847929008505,0.0
29.604362002659066,46.09502190772267,0.0
26.025698202410037,51.609352019873924,0.0
25.09110912825775,56.63394087351547,0.0
26.14399082745811,52.391759097956594,0.0
28.451974143146828,58.2154032328783,0.0
27.017414331061985,44.797482255118894,0.0
27.31849202469991,45.74275916169151,0.0
29.981669580283707,50.8899391820773,0.0
29.0853603547464,45.08783161683694,0.0
29.933150614794236,41.131713122934315,0.0
27.73348706357035,53.70268619748968,0.0
29.757016711033284,52.60494438912316,0.0
26.954529979527575,45.783748925919,0.0
18.904095172193287,44.93317231610813,1.0
27.04476472207135,57.723915609301486,0.0
29.08983512059531,59.15868242113541,0.0
35.835543375106894,44.36415069104345,1.0
29.03280573930725,40.00269386008971,0.0
29.561816728083457,43.90481205912984,0.0
26.340318204114382,57.66929525972121,0.0
29.653786628017823,53.13910312534279,0.0
28.407513611119647,46.904462856033845,0.0
15.788067545119405,56.34815694612219,1.0
26.83230767435699,53.602237708939455,0.0
27.042266065353495,44.564707269873985,0.0
26.780483629489233,55.477593114603124,0.0
28.337966927817924,57.32191267223383,0.0
29.191152105409003,25.141220134083547,1.0
25.771813576371013,42.16051508261383,0.0
25.741716004810446,46.64912314297424,0.0
26.59001737485932,46.06550295135191,0.0
27.615489220850744,55.44024952619981,0.0
28.028874096784435,57.85046579909692,0.0
28.525695727852817,78.87244208716385,1.0
26.800953207056313,44.080712692577976,0.0
29.42103231674204,48.552026674066745,0.0
27.52754380194932,8.38648841986727,1.0
27.678873420373794,49.76482274043556,0.0
26.37027610343603,53.1708103134011,0.0
27.273821712763304,80.44167489542487,1.0
26.00813660023872,52.728027403668136,0.0
25.4067439032095,45.01933322680596,0.0
27.964754257174636,59.40514219452114,0.0
29.984371259229736,43.892476734097436,0.0
26.346216154746905,41.57938324381657,0.0
25.04598525808315,55.49307062362364,0.0
28.079315940911524,47.201009318019565,0.0
27.218751096522855,48.072020047231824,0.0
13.695741994267731,45.632320842112634,1.0
29.041986740582306,44.69284163710907,0.0
28.81142567388308,42.118116088075155,0.0
26.2990179053208,49.193297408053226,0.0
28.789230552321847,51.22969175919047,0.0
29.813242073389624,47.36619061013697,0.0
29.18506664181836,53.48260591072126,0.0
27.622556947851272,53.04448519090945,0.0
14.24850842868087,58.18350528107172,1.0
36.83442196403435,42.50972593598301,1.0
27.07312061863512,46.04666498702987,0.0
26.046746616683553,50.813969532898206,0.0
26.472328797709586,40.38232188859528,0.0
28.978963347180503,51.30043985718032,0.0
26.866546581398765,44.554994722064194,0.0
26.139675812709708,53.84322683388264,0.0
28.157801100462603,59.57050936778281,0.0
27.70633289338055,44.183709308158555,0.0
28.13950194745454,40.36013111200909,0.0
29.210594615678545,48.35521958550199,0.0
27.074097511688326,52.69342546507883,0.0
26.69725096271403,46.083974392725615,0.0
28.402496510373567,40.24206233552215,0.0
29.845513150704058,59.520276465584274,0.0
29.520793472468743,53.523551241508684,0.0
44.68065812050759,46.901674910264674,1.0
27.00943599945365,75.7845159094212,1.0
29.472761134470456,45.98791176743362,0.0
27.57798014289625,48.3666772820456,0.0
43.03814545193447,45.30992814858145,1.0
43.95674777618778,58.21211434428844,1.0
26.078375761988585,41.51167227708134,0.0
27.915954021385488,92.15454430323362,1.0
29.63293812580747,52.857638201174154,0.0
26.62665165381632,48.94405081009671,0.0
28.84136706932259,44.31481358352908,0.0
27.0042570838182,52.02148333600466,0.0
16.56729484721608,54.32099946484289,1.0
12.719460394184487,54.698516947897886,1.0
28.423655862769397,55.86522700876509,0.0
26.904454283155108,50.104135471532764,0.0
28.210158230771437,59.1300279659896,0.0
25.644398609553246,55.32129553070605,0.0
26.102431045350876,53.55084534917906,0.0
29.190576448240552,46.930483359054364,0.0
27.27585995866828,80.32931293019298,1.0
27.127466672240377,42.050319281329486,0.0
36.65748176965221,44.993379054804606,1.0
27.31747021900286,42.037862017458735,0.0
29.660140527550087,55.86285747993479,0.0
28.161529152967898,56.887141654792316,0.0
25.20364401159485,56.0997799936154,0.0
25.118192930231682,53.284387699779366,0.0
28.570434660662137,59.461563259446656,0.0
27.291264452457582,56.79604571271234,0.0
26.67452807328543,57.4739718693269,0.0
29.3429956409473,45.172416697760774,0.0
26.28970813857578,53.187078444115656,0.0
27.055142349033524,41.28012693217242,0.0
26.34496702217549,57.33540709012,0.0
11.564767160036006,41.11211043360921,1.0
26.458312893546516,47.06100783200605,0.0
28.957895218629243,59.26788868427101,0.0
27.703175608050532,55.219815200561875,0.0
27.80468985767693,56.51956425416164,0.0
26.243571362938148,46.195757184181986,0.0
28.283683322706462,50.92860632155695,0.0
29.62624158707833,42.03784776132027,0.0
25.743313638765564,48.80882700624848,0.0
17.962414505413683,42.39782186945424,1.0
29.627842564533882,44.3578510850998,0.0
26.079105137484216,43.76049469230832,0.0
26.853210735334454,42.295377437384346,0.0
28.61126284196533,55.779703198415866,0.0
28.319022638109026,51.434919662874975,0.0
25.64757460641402,40.471899292910585,0.0
26.56388994605177,78.98021867456725,1.0
25.071907230360424,81.93375995306003,1.0
19.971823539029504,53.56999936585275,1.0
42.32401049058379,43.50246280260706,1.0
25.23225206359999,49.0074187251637,0.0
26.2120486620754,50.33145256891958,0.0
25.15326251102903,40.84844596413783,0.0
25.63790151397782,51.435447040966444,0.0
26.70952639052745,83.28930381716827,1.0
28.01576054733194,54.14172954533396,0.0
25.567367606202946,58.03523984270847,0.0
26.155373982940358,45.515351365027136,0.0
25.090550919104203,57.801940703676166,0.0
29.838807326347812,22.201138926853222,1.0
26.695148955243504,40.833458012047686,0.0
29.849549260809972,53.01754738094388,0.0
28.272556071405678,40.18076938158585,0.0
26.386905914905665,44.07532918255378,0.0
27.433344707123513,58.41989042193151,0.0
25.228710169062563,48.739917713312416,0.0
26.99501351935065,40.77992025149823,0.0
25.30176041995282,46.05861811280859,0.0
25.45643338393067,49.75142387346769,0.0
29.06450504565039,43.24466811564959,0.0
27.479378675393853,49.47619656795894,0.0
19.961576734987787,53.174352774540445,1.0
27.830903456125355,84.44079385861056,1.0
39.289443334301446,58.16869103758751,1.0
29.341356402566294,41.03671598239458,0.0
28.801139299448433,50.14823877435617,0.0
26.496916868526743,10.566901978077123,1.0
26.927987962566668,13.645152460260624,1.0
28.775686278368095,49.007019578108256,0.0
27.746133323530604,53.91236292993614,0.0
28.473482354272136,56.079170151050405,0.0
25.90488476354745,43.26070673863182,0.0
29.604239239078435,51.281480576670354,0.0
14.739212201161028,40.13755924439299,1.0
26.031668592028964,45.60074659100979,0.0
26.70908675848938,48.78299633267497,0.0
29.879260397312674,44.04961120330475,0.0
28.33432128773052,42.027457951063184,0.0
29.335157480612242,56.550126397464425,0.0
27.993292420985185,47.09992611663875,0.0
27.458079375584163,41.17101858487958,0.0
28.263730539259374,49.668148719462934,0.0
29.087217808692206,57.07923933910844,0.0
25.034760652655955,56.279405390120374,0.0
26.122202859183304,50.359210554251575,0.0
28.617100568442925,54.94888813193388,0.0
26.34338679692473,44.21409927734406,0.0
25.077283082644335,58.861516754894154,0.0
25.45603051524345,58.73644924066184,0.0
26.684478958855536,58.038803934983,0.0
25.91702254926717,53.389739103963805,0.0
26.50439154908385,40.22062528857295,0.0
25.25994675988854,85.88535892154775,1.0
26.20748242628434,71.25873817423383,1.0
28.47987103046849,54.441418764054745,0.0
28.16550728636634,53.604555584167066,0.0
27.55373651288783,52.304388764620214,0.0
25.644349337367228,40.15683181543834,0.0
27.325047587632138,12.711707037237101,1.0
29.08611100100608,52.733393643344144,0.0
28.454419882754113,83.76658448602129,1.0
27.713223173537884,44.93357729043246,0.0
27.44321595202333,50.42919277442944,0.0
26.631269590205733,20.568835080996028,1.0
28.114832917817413,46.71220908539685,0.0
28.159186060848995,50.64841364550434,0.0
25.818119105958345,53.332009580932386,0.0
29.804600734644122,74.20509139416295,1.0
25.720393930066,10.786880344132452,1.0
28.167648553804472,41.96165161568489,0.0
29.387360067635264,49.65937744170711,0.0
28.16310946566974,59.62385058328232,0.0
27.769271422006604,49.02478688361976,0.0
29.451318919454582,47.60840015015125,0.0
28.08463459187871,41.52478435947129,0.0
26.29122194149479,50.25309506290106,0.0
29.714548519562598,42.61420753480399,0.0
40.19224570780205,55.00531527877685,1.0
28.308336298145946,9.034183959709578,1.0
28.94585619303669,51.97957016354421,0.0
27.211469027255678,79.61527689946921,1.0
25.640229194788862,55.76894686506597,0.0
28.097631000181515,72.11720854688267,1.0
26.096069936790222,43.632279355132056,0.0
26.232010166195533,44.838633606310594,0.0
28.24319478384408,90.8411002618793,1.0
28.249819653888824,50.167210938325596,0.0
14.334722327556344,52.22927222451322,1.0
36.60365406119743,51.42520939874195,1.0
26.21235251817365,43.70660359057429,0.0
27.442478163299526,83.92601283187588,1.0
27.18063264567658,58.52765213460174,0.0
28.545231308612163,47.42225876860256,0.0
28.498197848110607,90.68255374343114,1.0
25.08936967366707,43.98430549788106,0.0
25.887197718898616,49.92922304710599,0.0
29.474083280302636,40.02947644172623,0.0
26.150044186438514,40.087265393006184,0.0
27.51339511614431,45.19626417490068,0.0
25.424188570425958,57.01232115682276,0.0
26.38413898617526,45.48143178684382,0.0
28.22736147953584,58.561672806520995,0.0
27.962038923297587,41.512100812335014,0.0
29.900162876427387,44.25288752742192,0.0
29.313985387716144,43.209252285424526,0.0
28.36997104072865,9.273410060521208,1.0
26.106047209098012,56.78676984712005,0.0
13.245118001753422,51.92163910476612,1.0
25.06547228294167,51.07422970716023,0.0
29.174651183996495,56.56938598898234,0.0
26.18025231673232,43.5851122381558,0.0
27.127182193082085,45.613664310319486,0.0
27.77715852801314,50.54799244245353,0.0
27.46284535376649,15.65303094880577,1.0
28.288064461501715,44.113745243911104,0.0
25.311970342991387,13.130279906905283,1.0
27.261089704449034,57.768073446173624,0.0
27.485873820042137,44.106658774135994,0.0
27.934205590104394,53.38400525876157,0.0
29.74442768626667,55.90899921579458,0.0
25.060772373449083,55.1350301137727,0.0
27.05595758997293,87.30028139866637,1.0
26.293899908000085,41.78248864232033,0.0
28.993916178868325,41.04710040374945,0.0
28.034234777700696,83.2823504587733,1.0
27.98706551085154,41.32019688280483,0.0
26.4434686838535,48.05746565265274,0.0
26.435190665874565,53.59240665470216,0.0
26.728479967519597,48.619704410265925,0.0
26.838579015297167,55.49267561275576,0.0
29.74226653481078,49.53686936635634,0.0
27.345536055237893,15.0053068962418,1.0
25.33918529552586,43.93851408906857,0.0
26.12302411469991,52.05885752958923,0.0
26.811969495583167,46.80774208509011,0.0
29.45002670908783,53.777706041001814,0.0
43.82559876772348,44.73866649813297,1.0
27.89140070498087,43.20143269909146,0.0
29.938340039983235,40.07639845317166,0.0
29.873965810733914,54.18641656945219,0.0
25.9983689107918,44.01867377318113,0.0
25.45144885027204,43.00097329387968,0.0
26.78376663346795,49.9392696581166,0.0
29.429888741180935,40.96372024786592,0.0
26.38438824073602,45.6304239682986,0.0
